Defense | Word Family:✦ *defense* (noun); *defender* (noun); *defend* (verb) | Examples:✦ The shade from trees provides a *defense* against drying effects of the sun.; *Defenders* of the environment work to protect plants and animals from damage caused by logging.; Fish cannot *defend* themselves from the effect of water pollution. 

Environment | Word Family:✦ *environment* (noun); *environmental* (adjective); *environmentally* (adverb)  | Examples:✦ The *environment* needs to be protected from the effects of logging. ; Logging causes a great deal of *environmental* damage. ; It is important to develop more *environmentally* friendly logging practices.

Erosion | Word Family:✦ *erosion* (noun); *erode* (verb)  | Examples:✦ Soil *erosion* leads to the pollution of streams and rivers. ; When soil *erodes*, there are no nutrients left to help plants grow.

Extent | Word Family:✦ *extent* (noun); *extend* (verb); *extensive* (adjective); *extensively* (adverb)  | Examples:✦ The *extent* of environmental damage caused by logging is frightening. ; The Amazon rain forest *extends* from Brazil into neighboring countries. ; The Amazon rain forest is the most *extensive* rain forest in the world. ; Rain forests around the world have been *extensively* logged. ;

Pollution | Word Family:✦ *pollution* (noun); *pollutant* (noun); *pollute* (verb) | Examples:✦ Deforestation contributes to the effects of both air and water *pollution*. ; Factories add *pollutants* to the air and water. ; Eroding soil *pollutes* water.

Stability | Word Family:✦ *stability* (noun); *stabilize* (verb) ; *stable* (adjective)  | Examples:✦ The *stability* of the natural environment depends on the interaction of many factors.; We need to *stabilize* the damage caused by logging before it gets worse.; If the banks of the river continue to erode, they will no longer be *stable*.

16*Unit: 1 ➜ The Natural World*<br>Environmental Impacts of Logging (1-6), {p} Modern industry has caused damage to our natural 3*environment* in many ways. The air and water are filled with 3*pollutants*. One result of this is acid rain, which has caused 3*extensive* damage to vegetation in many areas. When large amounts of vegetation die off, the environment loses 3*stability*. If there are no plants to hold the soil, it starts to 3*erode*. This leads to myriad problems, including water pollution and habitat loss. 3*Defenders* of wildlife work hard to prevent further damage to natural areas.

Evolution | Word Family:✦ *evolution* (noun); *evolve* (verb); *evolutionary* (adjective) | Examples:✦ Our research plans have gone through many *evolutions* and are now quite different from our original plans.; Scientists believe that birds *evolved* from dinosaurs.; Through the *evolutionary* process, birds have developed adaptations that allow them to survive in different environments.

Fascination | Word Family:✦ *fascination* (noun); *fascinate* (verb); *fascinating* (adjective) | Examples:✦ His *fascination* with birds is not hard to understand, because there are several bird-watchers in his family.; The study of the lives of birds *fascinates* many people.; The study of birdsong is a *fascinating* subject.

Migration | Word Family:✦ *migration* (noun); *migrant* (noun); *migrate* (verb); *migratory* (adjective) | Examples:✦ Bird *migration* generally takes place twice a year, in the spring and autumn.; *Migrants* stop to rest several times during their journey.; Some birds *migrate* thousands of miles to reach their summer breeding grounds.; Scientists study the habits of *migratory* birds.

Navigation | Word Family:✦ *navigation* (noun); *navigator* (noun); *navigate* (verb); *navigational* (adjective) | Examples:✦ Birds use the sun, stars, and landforms for *navigation*.; *Migratory* birds are amazing navigators.; Birds *navigate* by looking at the sun and stars.; *Migratory* birds are born with navigational skills - they don’t have to learn them.

Observation | Word Family:✦ *observation* (noun); *observer* (noun); *observe* (verb); *observant* (adjective); 7*observational* (adjective); 7*observatory* (noun) | Examples:✦ We can learn a great deal about the lives of birds through simple *observation*.; If birds become aware of the presence of an *observer*, they quickly fly away.; Many people *observe* birds as a hobby.; You have to be really *observant* to spot most types of birds.; The course helps drivers to improve their *observational* skills; an *observational* study of cancer patients; | Notes: 6*observatory* ➜ a special building with a telescope or other equipment that scientists use to watch the stars, the weather, etc 

16*Unit: 1 ➜ The Natural World*<br>Bird Migration (8-12), {p} Birds are 10*fascinating* to many people, and bird watching is a popular hobby. The best time to watch birds is in the early morning, because birds are usually very active at that time of day. The 10*observer* must keep still and quiet in order not to frighten the birds away. If you live in a part of the world where 10*migratory* birds spend their breeding season, then you will have the opportunity to see nest-building activity. Over the ages, different species of birds have 10*evolved* with different types of nest-building skills. It makes an interesting study to look at the different types of nests built by birds and to watch them as they build their nests. After the breeding season is over and the babies have left the nest, it is time for the birds to head for warmer parts of the world to spend the winter months. Birds 10*navigate* to their winter feeding grounds, using the stars or the sun as their guide.


Adaptation | Word Family:✦ *adaptation* (noun);  *adapt* (verb); *adaptable* (adjective)  | Examples:✦ Plants in the Taklimakan Desert have *adaptations* that allow them to live in the dry, salty conditions.; One way that plants *adapt* to the dry desert is by developing deep root systems.; Most plant species are not *adaptable* to a desert environment. 

Diversity | Word Family:✦ *diversity* (noun); *diversification* (noun); *diversify* (verb); *diverse* (adjective) | Examples:✦ There is a great *diversity* of plant life on the fringe of the Taklimakan Desert.; Change in climate can result in species *diversification*.; As climate changes, plant species in an area may *diversify* if conditions improve.; The *diverse* ways that plants adapt to desert conditions makes a fascinating study. 

Extreme | Word Family:✦ *extreme* (noun); *extreme* (adjective); *extremely* (adverb); | Examples:✦ Temperatures in the Taklimakan Desert reach an *extreme* during hot summer days.; Many plants cannot endure the *extreme* heat of the desert.; The weather in a desert is usually *extremely* dry.

Resilience | Word Family:✦ *resilience* (noun); *resilient* (adjective); *resiliently* (adverb) | Examples:✦ The *resilience* of certain plants allows them to thrive in the desert.; Desert plants are *resilient* to heat and dryness.; Desert plants grow *resiliently* in the heat.

Stress | Word Family:✦ *stress* (noun); *stressor* (noun); *stress* (verb); *stressful* (adjective); | Examples:✦ A long period of dryness causes a lot of *stress* to plants.; The main *stressor* in a desert is lack of rain.; Heat and drought both *stress* plants.; Certain plants thrive in the desert despite the *stressful* conditions. | Notes: 6*stressor* ➜ Something that causes a state of strain or tension.; stress / source of stress / challenge / problem; The main source of stress in a desert is the lack of rain.

Violence | Word Family:✦ *violence* (noun); *violent* (adjective); *violently* (adverb);  | Examples:✦ The *violence* of sandstorms keeps many plants from thriving in the desert.; *Violent* winds tear up many plants or cover them with sand.; The winds blow *violently* during a sandstorm.

16*Unit: 1 ➜ The Natural World*<br>Plant Life In the Taklimakan Desert  (14-19), {p} Desert plants have a variety of 1*adaptations* that allow them to endure the desert environment. Because a desert is 1*extremely* dry, plants need to be able to take in as much water as possible when it rains and to store the water for a long time. Special root systems and types of leaves enable them to do this. Another source of 1*stress* in a desert is the high temperature, so desert plants need to have 1*resilience*. 1*Violent* storms can occur in a desert, and plants with strong roots will be able to endure the storms. Considering the difficult conditions in a desert, the 1*diversity* of plants that can be found there is truly amazing. 

Complication | Word Family:✦ *complication* (noun); *complicate* (verb); *complicated* (adjective); | Examples:✦ Playing a ball game is not as simple as it may look - there are many *complications*.; The need to pay attention to many things at once *complicates* the game for an athlete.; A game can become very *complicated* when there are many players on the field.

Coordination | Word Family:✦ *coordination* (noun); *coordinate* (verb); *coordinated* (adjective); | Examples:✦It is important for an athlete to have good physical *coordination*.; An athlete must *coordinate* physical skill with sharp vision to play a game well.; The *coordinated* movements of all the team members will help them win the game.

Demonstration | Word Family:✦ *demonstration* (noun); *demonstrate* (verb); *demonstrative* (adjective); | Examples:✦ The athlete gave a *demonstration* of the correct way to throw the ball.; Professional athletes *demonstrate* a high level of skills.; The way that goal was scored was *demonstrative* of good teamwork in action.

Performance | Word Family:✦ *performance* (noun); *performer* (noun); *perform* (verb) | Examples:✦ The team gave an excellent *performance* at last night's game.; All the *performers* did a good job.; The entire team *performed* well during the game.

Tolerate | Word Family:✦ *tolerance* (noun); *tolerate* (verb); *tolerant* (adjective); | Examples:✦ An athlete should have *tolerance* for hard physical activity.; Athletes need to be able to *tolerate* a high level of action around them.; Good athletes always try to do their best but must still be *tolerant* of occasional failure.

Vision | Word Family:✦ *vision* (noun); *visual* (adjective); *visually* (adverb); | Examples:✦ Good *vision* is important for playing sports well.; In sports, *visual* abilities can be as important as physical abilities.; The coach used drawings to explain the game *visually*.

16*Unit: 2 ➜ Leisure Time*<br>Peripheral Vision in Sports (21-26), {p} In order to 6*perform* well, an athlete must have a number of different abilities. Naturally, she should 6*demonstrate* excellent physical skills. In addition to strength, 6*coordination* of all parts of the body while moving around the court or field is very important. The athlete also needs to have good 6*visual* abilities. She needs to be able to see what is happening around her so that she can respond to the other players’ maneuvers. She has to be 6*tolerant* of activity around her without losing her ability to focus on her own part in the game. Finally, she needs to be a fast thinker. 6*Complications* can occur in any game, and the athlete needs to be able to respond to them quickly.

Development | Word Family:✦ *development* (noun); *developer* (noun); *develop* (verb) | Examples:✦ Joshua Brown's introduction of the circus tent was an important contribution to the *development* of the circus.; Philip Astley is known as the *developer* of stunt riding.; The circus has *developed* in different ways over the years.

Entertainment | Word Family:✦ *entertainment* (noun); *entertainer* (noun); *entertain* (verb); *entertaining* (adjective) | Examples:✦ The circus is still a favorite form of *entertainment* today.; The job of a circus *entertainer* looks like fun, but it is really very difficult.; People often hire clowns to *entertain* children at parties.; We spent a very *entertaining* afternoon at the circus. 

Permanence | Word Family:✦ *permanence / permanency* (noun); *permanent* (adjective); *permanently* (adverb)| Examples:✦ The *permanence* of the circus as a form of entertainment shows how much people enjoy it.; Unlike the traveling bands of performers, court jesters had *permanent* jobs.; Circuses don't stay in one place *permanently* but travel around from city to city.;

Popularity | Word Family:✦ *popularity* (noun); *popularize* (verb); *popular* (adjective); *popularly* (adverb)| Examples:✦ The circus still enjoys great *popularity*.; Joshua Brown helped to *popularize* the circus in America.; The circus is *popular* all over the world.; The modem circus is *popularly* known as the Big Top.

Survival | Word Family:✦ *survival* (noun); *survivor* (noun); *survive* (verb) | Examples:✦ The *survival* of the circus is due to its ability to change with the times.; The circus as a form of entertainment is a *survivor* of the hard times of the Dark Ages.; The circus has *survived* in many forms throughout the centuries. 

Trainer | Word Family:✦ *trainer* (noun); *train* (verb); *trained* (adjective) | Examples:✦ A circus animal *trainer* has to be able to work with exotic animals.; Some animals are easier to *train* than others.; Many circuses use *trained* elephants in their show. 

16*Unit: 2 ➜ Leisure Time*<br>History of the Circus (28-33), {p} The 4*development* of the modern circus began in England in the eighteenth century. A skilled horseback rider 4*entertained* audiences with stunt riding. He later added other kinds of performances to the show, such as clowns and 4*trained* animals. The show became very 4*popular* and the idea spread to other countries. The circus has 4*survived* the test of time and is still enjoyed by people today. It holds a 4*permanent* place in our hearts. 

Authority | Word Family:✦ *authority* (noun); *authorize* (verb); *authoritative* (adjective);  *authoritatively* (adverb) | Examples:✦ The *authorities* decided to keep the park open in the evenings so families could spend more time in nature.; The school director *authorized* the teachers to 11*spend* a larger chunk of the school day 11*outdoors* with their students.; According to an *authoritative* source, spending time in nature improves our health.; The expert wrote *authoritatively* about the topic of exercise and its effects on mental health.  

Deliberation | Word Family:✦ *deliberation* (noun); *deliberate* (verb); *deliberate* (adjective); *deliberately* (adverb) | Examples:✦ After *deliberation*, he decided to spend some time every day engaged in outdoor activities.; The group *deliberated* for an hour before reaching a decision.; It is obvious that people need to make a *deliberate* decision to spend more time in nature.; We need to spend time in nature *deliberately*. | Notes: *deliberation* ➜ long and careful consideration or discussion; *deliberately* ➜ consciously and intentionally 🔹on purpose. 

Emotion | Word Family:✦ *emotion* (noun); *emotional* (adjective); *emotionally* (adverb) | Examples:✦ The stress of city life can make *emotions* difficult to control.; Children who don't 11*spend* a lot of time 11*playing outdoors* can end up with *emotional* problems.; People respond *emotionally* to the overwhelming stimuli of the city. 

Industry | Word Family:✦ *industry* (noun); *industrious* (adjective);*industriously* (adverb) | Examples:✦ His favorite pastime is building model ships, and he always goes about this activity with great *industry*.; He is always *industrious* even when engaged in leisure-time activities.; He worked on his project *industriously*. | Notes: 4*industry* [uncountable] (formal) ➜ the quality of working hard; We were impressed by their *industry*.

Intellect | Word Family:✦ *intellect* (noun); *intellectual* (noun); *intellectual* (adjective); *Intellectually* (adverb); | Examples:✦ The stress of city life has effects on the *intellect*.; I enjoy reading the works of the great *intellectuals* of the nineteenth century.; Some people enjoy spending their leisure time engaged in *intellectual* activities.; Some people look for experiences that engage them *intellectually*. | Notes: Intellectual activities are tasks that engage your cognitive faculties such as reasoning, memory, and creativity to solve problems or acquire knowledge.; Logic & Problem-Solving, Creative Arts, Language & Literacy, Knowledge Acquisition, Strategic & Interactive Games

Reluctance | Word Family:✦ *reluctance* (noun); *reluctant* (adjective); *reluctantly* (adverb) | Examples:✦ *Reluctance* to spend time in nature is a problem for modem children.; People can be *reluctant* to leave their familiar city surroundings to explore unknown places.; They *reluctantly* agreed to spend their vacation at a national park. | Notes: 4*reluctantly* ➜ In an unwilling and hesitant way.

16*Unit: 2 ➜ Leisure Time*<br>Uses of Leisure Time (35-40), {p} It is crucial to acknowledge the importance of leisure-time activities. They are not merely a way to use up free time. They are important for our physical and 11*emotional* health. We need to choose activities that rest our minds and bodies so that we can feel rejuvenated when we return to work and can do our jobs more 11*industriously*. Some people enjoy 11*intellectual* pastimes — other people choose different sorts of leisure-time activities. The key is to be 11*deliberate* about choosing a pastime that is active rather than passive. Many people feel 11*reluctant* to be physically active after a tiring week at work. However, 11*authorities* tell us that this is actually the best way to decrease stress and relax.

Efficiency | Word Family:✦ *efficiency* (noun); *efficient* (adjective); *efficiently* (adverb) | Examples:✦ *Efficiency* is an important quality for any new product.; *Efficient* headlamps made safe travel at night possible.; Candles do not light a room very *efficiently*.

Generator | Word Family:✦ *generator* (noun); *generation* (noun); *generate* (verb); | Examples:✦ If the power lines are down, you can use *a gasoline generator* to have electricity in your house.; The *generation* of electricity can cause air pollution.; There are a variety of ways to *generate* electricity.

Illuminator | Word Family:✦ *illuminator* (noun); *illumination* (noun); *illuminate* (verb); | Examples:✦ An *illuminator* can provide an area with light.; The *illumination* of an electric lamp is stronger than that of a candle.; In the past, people used candles to *illuminate* their houses.

Innovation | Word Family:✦ *innovation* (noun); *innovator* (noun); *innovative* (adjective); | Examples:✦ The *innovation* of electric headlamps made travel much easler.; Several *innovators* worked on the development of electric headlamps.; The development of electric headlamps was the work of a number of *innovative people*.

Intensity | Word Family:✦ *intensity* (noun); *intensify* (verb); *intense* (adjective); *intensely* (adverb) | Examples:✦ A locomotive needs a headlamp *with high intensity*.; Using a stronger battery will *intensify* light.; The light from candles is not *very intense*.; Some materials burn *more intensely* than others.

Reflector | Word Family:✦ *reflector* (noun); *reflection* (noun); *reflect* (verb); *reflective* (adjective); | Examples:✦ A *reflector* on a lamp makes the light more intense.; You can see your *reflection* in a mirror.; A piece of metal can be used to *reflect* light.; If a lamp is coated *with reflective material*, it will cast a stronger light.

16*Unit: 3 ➜ Transportation*<br>First Headlamps (42-47), {p} Traveling at night was tricky before people had developed headlamps that worked 4*efficiently*. Early 4*innovations* for use on locomotives included lamps that 4*illuminated* by burning pine knots or whale oil. Some of these lamps used metal as a 4*reflective* material to 4*intensify* the light. Later, electric headlamps were developed. The problem with these lamps involved finding a portable way to 4*generate* the electricity that they used.

Architect | Word Family:✦ *architect* (noun); *architecture* (noun); *architectural* (adjective); *architecturally* (adverb) | Examples:✦ The *architect* is working on a plan for a new train station.; The *architecture* of the stations is an important part of subway system design.; From *an architectural point of view*, it's a very interesting building.; Its art nouveau decorative features make the Paris Metro *architecturally significant.*

Decoration | Word Family:✦ *decoration* (noun); *decorator* (noun); *decorate* (verb); *decorative* (adjective); | Examples:✦ People enjoy looking at the *decorations* in the station while they wait for the train to arrive.; The *decorator* planned the art for the station very carefully.; Sometimes they *decorate* the trains for the holidays.; That column is there *for decorative purposes* only - it has no real use.

Destruction | Word Family:✦ *destruction* (noun); *destroy* (verb); *destructive* (adjective); | Examples:✦ The *destruction* of buildings was part of the process of creating the subway system.; It was necessary to *destroy* some buildings to dig the subway tunnels.; Digging deeper tunnels makes subway construction less *destructive* to buildings and roads on the surface

Disruption | Word Family:✦ *disruption* (noun); *disrupt* (verb); *disruptive* (adjective); | Examples:✦ Building a subway system can cause a lot of *disruptions* to traffic on the streets.; They try to *disrupt* traffic as little as possible during subway construction.; The process of building a subway can be *disruptive*, but the result is well worth it.

Expansion | Word Family:✦ *expansion* (noun); *expand* (verb); *expandable* (adjective); | Examples:✦ The *expansion* of the subway system cost a great deal of money.; By the time they were ready to *expand* the subway system, a new method for digging tunnels had been developed.; The subway system was designed to be *expandable*.

Operation | Word Family:✦ *operation* (noun); *operator* (noun); *operate* (verb);  | Examples:✦ The Paris Metro began *operation* in 1900.; A subway train *operator* needs special training for the job.; Modern subway systems use computers to *operate* the trains. 

16*Unit: 3 ➜ Transportation*<br>Major Subways of Europe (49-54), {p} The planning and construction of a subway system requires a great deal of time and effort. In addition to planning the routes, digging the tunnels, and laying the tracks, the stations have to be built. 4*Architects* are hired to plan the stations. Often, the station plan includes 4*decorative* features such as murals showing local scenes, or a station may be used as a showcase for the work of important local artists. Building a new subway system may require the 4*destruction* of buildings on the surface, but attempts are made to cause as little 4*disruption* as possible. The 4*expansion* of an already-existing subway system can also be quite disruptive. Everyone looks forward to the day when the construction is over and the subway begins to 4*operate*. Often businesses spring up in and around a new subway station, contributing to the life of the neighborhood.

Appeal | Word Family:✦ *appeal* (noun); *appeal* (verb); *appealing* (adjective); | Examples:✦ The *appeal* of an electric car is that it doesn't cause pollution.; A car that uses less gasoline would *appeal* to commuters.; Electric cars are *appealing* to many people. 

Class | Word Family:✦ *class* (noun); *classification* (noun); *classify* (verb); | Examples:✦ The new *class* of electric cars is very different from the electric cars of the early twentieth century.; The *classification* of a car as a sports car can make it more appealing to certain people.; If you *classify* your car as a commercial vehicle, you will need to get a special license. 

Commuter | Word Family:✦ *commuter* (noun); *commute* (noun); *commute* (verb); | Examples:✦ *Commuters* are worried about the increase of traffic on the highways.; I have *an hour-long commute* to work every day.; Many people *commute* from the suburbs to their jobs in the city.

Consumer | Word Family:✦ *consumer* (noun); *consumption* (noun); *consume* (verb); | Examples:✦ *Consumers* of gasoline are paying higher and higher prices.; As the price of oil increases, *consumption* may go down.; Electric cars are attractive because they don't *consume* gasoline. 

Mark | Word Family:✦ *mark* (noun); *mark* (verb); *marked* (adjective); *markedly* (adverb) | Examples:✦ The new hybrid vehicles have made their *mark* with consumers.; The twenty-first century *marked a renewed interest* in electric cars.; In the past, before cars became common, the difference between urban and rural areas was more *marked*.; The popularity of electric cars *has grown markedly* over the past few years.

Money | Word Family:✦ *money* (noun); *monetary* (adjective); *monetarily* (adverb) | Examples:✦ Although cars cost a great deal of *money*, many people own them.; As gasoline becomes more expensive, *monetary reasons* will cause more people to be interested in buying electric cars.; Electric cars may be 4*out of reach* for some people *monetarily*. 

16*Unit: 3 ➜ Transportation*<br>Electric Cars Around the Globe (56-61), {p} Car manufacturers are developing a 4*class* of electric car especially for 4*commuters* . These cars are quite small and may have room for only one or two people. They are not intended for carrying large loads or many passengers. Their main purpose is to get the driver to and from work. Because of their small size, they 4*consume* little energy. They are 4*appealing* because they cost much less 4*money* than larger cars to run. In fact, there is a 4*marked* difference in fuel costs between these new small cars and the larger cars that we are used to seeing.

Agriculture | Word Family:✦ *agriculture* (noun); *agricultural* (adjective); *agriculturally* (adverb) | Examples:✦ People settled in Mesopotamia because it was a good area for *agriculture*.; Wheat was one of the first *agricultural* products.; Mesopotamia was an *agriculturally important part* of the world.

Creator | Word Family:✦ *creator* (noun); *creation* (noun); *create* (verb); *creative* (adjective); *creatively* (adverb) | Examples:✦ The ancient Maya were *the creators of temples* and other beautiful structures.; The ancient Sumerians used clay and reeds for *the creation of property* records.; The ancient Sumerians *created* tokens out of clay.; Ancient peoples developed *creative ways* to record information.; Ancient peoples recorded information *creatively*, using materials such as clay. 

Excavation | Word Family:✦ *excavation* (noun); *excavator* (noun); *excavate* (verb); | Examples:✦ Early clay tablets and clay tokens have been found in *excavations* in Mesopotamia.; *Excavators* found a clay tablet that dates from the time of the ancient Sumerians.; When archeologists *excavated* the area, they found some ancient oracle bones. 

Literacy | Word Family:✦ *literacy* (noun); *illiteracy* (noun); *literate* (adjective); *illiterate* (adjective); | Examples:✦ *Literacy* was not considered necessary before modern times.; *Illiteracy* is a problem throughout the modern world.; Few people were *literate* in the ancient world.; *An illiterate person* cannot read or write.

Mythology | Word Family:✦ *mythology* (noun); *myth* (noun); *mythological* (adjective); | Examples:✦ *Mythology* was very important in ancient civilizations.; Today we read the *myths* that were told in ancient times.; The Maya included *mythological creatures* in their writing system.

Specialty | Word Family:✦ *specialty* (noun); *specialization* (noun); *specialize* (verb); *specialized* (adjective); | Examples:✦ That *scholar’s specialty* is ancient Mayan culture.; With the growth of agriculture, people developed *specializations*.; Some scholars *specialize* in ancient studies.; *Specialized skills* are needed to identify ancient objects found in excavations.

16*Unit: 4 ➜ Culture*<br>Origins of Writing (63-68), {p} 16*Excavators* working at ancient sites uncover objects that give us clues about life in the past. Household objects and tools that were used for 16*agriculture* can tell us a lot about how people lived long ago. Ancient people used a variety of materials to make the objects they used in daily life. Tools that were carved from wood, stone, and bone, and jars that were 16*created* from clay are some examples of objects that have been found. Some of these objects are quite beautiful, and it is clear that they were made by people with 16*specialized* skills. In ancient times, most people were not 16*literate*. However, traditional stories were an important part of ancient civilizations, and people told the 16*myths* of their culture to their children and grandchildren.

Accompaniment | Word Family:✦ *accompaniment* (noun); *accompany* (verb); | Examples:✦ The *accompaniment* of drums and chants helps the hula dancers maintain their energy.; Guitars often *accompany* modem hula dances. | Notes: An 4*accompaniment* is something that 8*complements, supplements, or accompanies* something else, often providing musical support, a complementary flavor to food, or an associated, subordinate circumstance. Common musical examples include a piano backing a singer or a guitar playing chords behind a melody, while culinary examples include sides like salad or bread.;6*Musical* ➜ The singer performed a jazz standard with piano accompaniment.; 6*Culinary* ➜ Wild rice was served as an accompaniment to the roasted chicken; 6*Concurrent Events* ➜ The announcement was made to the accompaniment of loud applause.; 6*General/Incidental* ➜  Poor health is an unfortunate accompaniment of poverty.

Benefit | Word Family:✦ *benefit* (noun); *benefit* (verb); *beneficial* (adjective); | Examples:✦ A *benefit* of hula dancing is that it attracts people to Hawaii.; Hawaii *benefits* from the large numbers of tourists who visit the islands.; Tourism is *beneficial* to the economy of Hawaii. 

Celebration | Word Family:✦ *celebration* (noun); *celebrate* (verb); *celebratory* (adjective); | Examples:✦ Hula dances are often performed at *cultural celebrations*.; People like to *celebrate* important events by dancing.; *Celebratory dances* were performed in honor of the king.

Energy | Word Family:✦ *energy* (noun); *energize* (verb); *energetic* (adjective); *energetically* (adverb) | Examples:✦ It takes *a great deal of energy* to dance hula.; The beating of the drums *energized* the crowd.; *Energetic chants* and drumming accompany the hula dancers.; The dancers *performed energetically* all evening. 

Influence | Word Family:✦ *influence* (noun); *influence* (verb); *influential* (adjective); | Examples:✦ The *influence of other cultures* has changed the way hula is danced.; Ancient hula *influenced* the modern style of hula dancing.; King David Kalakaua *was influential* in the return to old traditions.

Tradition | Word Family:✦ *tradition* (noun); *traditional* (adjective); *traditionally* (adverb) | Examples:✦ Hula dancing is an ancient *tradition*.; Hula is the *traditional dance of Hawaii*.; Hula was *traditionally* performed in honor of the gods.

16*Unit: 4 ➜ Culture*<br>Hula Dancing In Hawaiian Culture (70-75), {p} Hula is a 11*traditional* dance from Hawaii. Originally, it was performed as part of religious rituals. It was danced 11*energetically* to the 11*accompaniment* of drums and chants. Over time it has been 11*influenced* in different ways, and styles have changed. Modern hula is a more graceful dance performed to guitar and ukulele music. It is performed for tourists and also as part of 11*celebrations*. The wide interest in hula dancing is 11*beneficial* for Hawaii, because it helps attract tourists to the islands.

Considerable | Word Family:✦ *considerable* (adjective); *considerably* (adverb) | Examples:✦ It takes *considerable skill* to perform mime.; The mime’s audiences *grew considerably* as word of his skill spread. | Notes:✦ A 6*mime* is a performer who tells a story or communicates emotions using only physical movement, gestures, and facial expressions without speaking.; 6*Style ➜* Traditionally, mimes wear white face makeup and black-and-white striped clothing.; 6*History ➜* It originated in ancient Greece and Rome and was popularized in modern times by artists like Marcel Marceau.

Effect | Word Family:✦ *effect* (noun); *effect* (verb); *effective* (adjective); *effectively* (adverb) | Examples:✦ His skilled performance was *the effect of* years of experience.; He worked hard to *effect* change.; A really *effective mime performance* makes the audience believe in the illusion.; A skilled mime can *effectively perform* a variety of illusions.

Exaggeration | Word Family:✦ *exaggeration* (noun); *exaggerate* (verb); *exaggerated* (adjective); | Examples:✦ A mime uses *exaggeration* to create illusions.; A mime may *exaggerate* certain gestures.; The *exaggerated gestures* of a mime are used for humorous effect.

Frailty | Word Family:✦ *frailty* (noun); *frailness* (noun); *frail* (adjective); *frailly* (adverb) | Examples:✦ Mimes can make us laugh at *our own frailty*.; The mime portrayed *the frailness of old age*.; Humans are *frail*, and mimes can make us laugh at this.; The mime *moved frailly* around the stage 6*as if* he were 100 years old. 

Portrayal | Word Family:✦ *portrayal* (noun); *portrayer* (noun); *portray* (verb); *portrayable* (adjective); | Examples:✦ Charlie Chaplin is renowned for his *portrayal of* the little tramp character.; Mimes are often *portrayers of* human frailty.; Mimes *portray* common situations in humorous ways.; Almost any everyday situation is *portrayable through mime*.

Reminiscence | Word Family:✦ *reminiscence* (noun); *reminisce* (verb); *reminiscent* (adjective); | Examples:✦ *Reminiscences of* the early days of film would include stories of stars such as Charlie Chaplin and Buster Keaton.; People like to *reminisce about* the great performers of the past.; Marcel Marceau’s clown character *was reminiscent of* characters performed by earlier mimes.

16*Unit: 4 ➜ Culture*<br>The Art of Mime (77-82), {p} Everyone enjoys watching mimes perform. A really good mime makes the job look easy, but in reality it is impossible to 2*exaggerate* the skill required to perform mime 2*effectively*. It takes a 2*considerable* amount of time to develop techniques and learn to perform them well. Mimes need to be able to 2*portray* *characters* who will interest their audience, as well as perform a variety of illusions. The best mimes can show us our 2*frailties* while making us laugh at ourselves at the same time. Although mime has changed over the years, people still 2*reminisce* *about* some of the popular mimes of the past, who have inspired today's performers. 

Complexity | Word Family:✦ *complexity* (noun); *complex* (adjective); *complexly* (adverb) | Examples:✦ *The complexity of* the nursing shortage problem makes it difficult to solve.; The reasons for the worldwide nursing shortage are *complex*.; Some modern health care delivery systems have been *complexly* developed. 

Qualification | Word Family:✦ *qualification* (noun); *qualify* (verb); *qualified* (adjective) | Examples:✦ A nurse who has the *right qualifications* will have no trouble finding a job.; At nursing school, a student learns the skills to *qualify* for a career in nursing.; *Qualified nurses* are needed everywhere.

Rampancy | Word Family:✦ *rampancy* (noun); *rampant* (adjective); *rampantly* (adverb) | Examples:✦ The epidemic *spread with a rampancy* that was frightening.; The *rampant spread of* the epidemic made it difficult to control.; The disease *spread rampantly* throughout the region. | Notes:✦ 3*rampant ➜* (of something bad) existing or spreading everywhere in a way that cannot be controlled; 4*synonym: ➜* unchecked; rampant 8*inflation / corruption*; Unemployment is now *rampant* in most of Europe.

Shortage | Word Family:✦ *shortage* (noun); *shorten* (verb); *short* (adjective); *shortly* (adverb) | Examples:✦ The *nursing shortage* is affecting countries around the world.; Lack of proper medical care *can shorten a patient's life*.; Both nurses and doctors *are in short supply* in many places.; The nurse said, “The doctor will be with you *shortly*.” 

Vacancy | Word Family:✦ *vacancy* (noun); *vacate* (verb); *vacant* (adjective); *vacantly* (adverb) | Examples:✦ When a nurse leaves a job, it is not always easy *to fill the vacancy*.; Many nurses *vacate their jobs* in their native countries in favor of better positions elsewhere.; A *vacant position* at a hospital will be filled quickly if the salary and benefits are attractive.; The patient *stared vacantly* as the nurse tended to him. 

16*Unit: 5 ➜ Health*<br>Nurse Migration (84-88), {p} Nurses are in 4*short* supply in many parts of the world. There are many reasons for this lack of nurses — the issue is filled with 4*complexities*. A solution needs to be found soon, because the problem has become 4*rampant* . When nurses 4*vacate* their positions at hospitals and health care centers, it is not easy to find other nurses to replace them. The ability to administer health care where it is needed 6*is crippled* when there are not enough 4*qualified* nurses.❗9*Notes:*│ *crippled ➜* Severely damaged or malfunctioning.

Diagnosis | Word Family:✦ *diagnosis* (noun); *diagnostician* (noun); *diagnose* (verb); *diagnostic* (adjective); | Examples:✦ The doctor asks the patient a series of questions *to make a diagnosis*,; The doctor is *an outstanding diagnostician*.; It is not always easy to *diagnose a disease*.; Doctors use different *diagnostic* tests to identify diseases.

Gravity | Word Family:✦ *gravity* (noun); *grave* (noun); *gravely* (verb); | Examples:✦ Because of the *gravity of her condition*, the patient was kept in the hospital.; The patient arrived at the hospital *in grave condition*.; The patient was *gravely ill*. | Notes:✦ *gravity ➜ * (formal) extreme importance and a cause for worry; 3*synonym:* seriousness; I don't think you realize 12*the gravity of the situation*.; Punishment varies according to 11*the gravity of the offence.* 

Indication | Word Family:✦ *indication* (noun); *indicator* (noun); *indicate* (verb); *indicative* (adjective); | Examples:✦ Forgetfulness may be *an indication of* Alzheimer's disease, or it may just be a normal part of aging.; There are several *key indicators* that doctors look for in their diagnoses.; Studies *indicate* that exercise helps increase brain power.; Memory loss *may be indicative of* a more serious condition. 

Impairment | Word Family:✦ *impairment* (noun); *impair* (verb); *impaired* (adjective); | Examples:✦ Multiple sclerosis patients suffer many *physical impairments*.; Aging can *impair* short-term memory.; *Impaired memory* can be improved by regular exercise. 

Mood | Word Family:✦ *mood* (noun); *moodiness* (noun); *moody* (adjective); *moodily* (adverb) | Examples:✦ People are often in *a good mood* after exercising.; A person *who suffers from moodiness* may be helped by regular exercise.; If you are feeling moody, *get some exercise*.; The patient *replied moodily* when asked if he was feeling much pain.

16*Unit: 5 ➜ Health*<br>Aerobic Exercise and Brain Health (90-94), {p} If you are suffering from a bad 4*mood* that won't go away, it is important to see a doctor. Mild depression may be a temporary response to the normal stresses of life, but ongoing depression could 4*indicate* a more serious condition. The doctor will ask you a series of questions and may recommend some tests to come up with a 4*diagnosis*. If your condition is 4*grave*, the doctor may give you medication. If, on the other hand, you are not suffering any serious disorder or 4*impairment*, the doctor may recommend something as simple as regular exercise.

Absorption | Word Family:✦ *absorption* (noun); *absorb* (verb); *absorbent* (adjective); | Examples:✦ As part of their research, scientists look at the *absorption of a drug* into the bloodstream.; The body *absorbs* some drugs very quickly.; Cotton makes a good cleaning material because it is so *absorbent*.

Desire | Word Family:✦ *desire* (noun); *desire* (verb); *desirable* (adjective); *desirably* (adverb) | Examples:✦ *The desire to help* others attracts many people to medical professions.; Patients *desire* drugs that will treat their conditions effectively.; The *most desirable type of* drug is one that is effective and has no side effects.; The drug in the investigation *had desirably few side effects*.

Investigation | Word Family:✦ *investigation* (noun); *investigator* (noun); *investigate* (verb); *investigative* (adjective); | Examples:✦ The *investigation of* a potential new drug costs a great deal of money and takes a long time.; The *investigator* submitted a report about the crime.; Researchers may *investigate* several possible uses of a new drug.; *An investigative report* showed the drug to be ineffective in fighting the disease.

Theory | Word Family:✦ *theory* (noun); *theorize* (verb); *theoretical* (adjective); *theoretically* (adverb) | Examples:✦ The scientists set up the study to test the *theory*.; Scientists *theorize* that a substance will have a certain medical effect, and then they set up a research study.; Ideas are *theoretical* before they are tested.; It was *a good idea theoretically*, so they decided to test it. 

Toxin | Word Family:✦ *toxin* (noun); *toxicity* (noun); *toxic* (adjective); *toxically* (adverb) | Examples:✦ Some substances *can release toxins* into the blood.; Potential *drug toxicity* is a part of every study.; Part of drug research involves testing for *toxic effects*.; If one drug *reacts toxically* with another, you cannot take them together.

16*Unit: 5 ➜ Health*<br>How Drugs Are Studied (96-100), {p} A good deal of time, effort, and money is required to thoroughly 10*investigate* a new drug before it can be put on the market. Scientists develop a 10*theory* about the ability of a certain substance to combat a specific disease or medical condition. Then they have to test their idea. After manufacturing the drug in the laboratory, they test it first on animals and then on people. They monitor the 10*absorption* of the drug by the body, and they look for any 10*toxins* that may be produced as the drug moves through the body. Then they test the drug's ability to combat the disease. If they get the outcome that they 10*desire* and the drug cures the disease or alleviates the condition, then it's time to work on marketing the product.

Access | Word Family:✦ *access* (noun); *accessibility* (noun); *access* (verb); *accessible* (adjective); *inaccessible* (adjective) | Examples:✦ The Inca Trail provides one way to *gain access* to Machu Picchu.; The train from Cuzco *increases accessibility* to Machu Picchu.; Fewer people *can access the site* because the trip has become so expensive.; Machu Picchu *is accessible by* plane, train, or hiking.; Machu Picchu *is inaccessible except by* plane, train, or hiking.

Adventure | Word Family:✦ *adventure* (noun); *adventurer* (noun); *adventure* (verb); *adventurous* (adjective); *adventurously* (adverb) | Examples:✦ Our trip to Machu Picchu was *a great adventure*.; We felt like *modern-day adventurers*.; We *adventured into places* where few people visit.; *Adventurous people* enjoy hiking in the Andes Mountains.; We *hiked adventurously* over tall peaks and steep cliffs.

Archeologist | Word Family:✦ *archeologist* (noun); *archeology* (noun); *archeological* (adjective); | Examples:✦ An *archeologist* is interested in ancient cultures.; The field of *archeology* has taught us a great deal about the ancient world.; Machu Picchu is one of *the most visited archeological sites* in the world. 

Luxury | Word Family:✦ *luxury* (noun); *luxuriate* (verb); *luxurious* (adjective); *luxuriously* (adverb) | Examples:✦ Hiring porters to carry your equipment on a hiking trip is quite a *luxury*.; After returning from a week of hiking in the mountains, we *luxuriated* in the comfort of our beds.; A simple bed *felt luxurious* after 4*a weeklong hiking trip*.; We *dined luxuriously* on champagne and chocolate.

Restriction | Word Family:✦ *restriction* (noun); *restrict* (verb); *restrictive* (adjective); | Examples:✦ *Restrictions* are necessary to preserve the environment.; The government *restricts* large numbers of people from entering the area.; The *rules may seem restrictive*, but they are meant to protect the area.

Precision | Word Family:✦ *precision* (noun); *precise* (adjective); *precisely* (adverb) | Examples:✦ The blocks were fitted together *with great precision*.; Archeologists have many theories but *few precise ideas* about the ceremonial functions of Machu Picchu.; We arrived at the site at *precisely five o'clock*.

16*Unit: 6 ➜ Tourism*<br>Hiking the Inca Trail (102-107), {p} Hiking the Inca trail is a popular way to 15*access* Machu Picchu. However, the Peruvian government has 15*restricted* use of the trail, so not everyone is able to make the trip. The upside is that hiking is not the only way to get there, and because it is not a particularly 15*luxurious* way to travel, other methods might be preferable. You can get to the 15*archeological* site by train and bus, and they will get you there much faster than hiking. When you arrive in Cuzco, you can check the schedules. You may not be able to leave at 15*precisely* the time you wish, but you should be able to work out a schedule that is convenient. Whatever method you choose to get there, a trip to Machu Picchu is always a great 15*adventure* . 

Accommodations | Word Family:✦ *accommodations* (noun); *accommodate* (verb); *accommodating* (adjective); | Examples:✦ The *accommodations* on our trip were very comfortable.; It's a small hotel that can *accommodate* only about fifty guests.; We found our 4*hosts* *very accommodating*. 

Avoidance | Word Family:✦ *avoidance* (noun); *avoid* (verb); *avoidable* (adjective); | Examples:✦ *Avoidance of* 4*environmental damage* is an important part of ecotourism.; We can *avoid damaging the environment* if we are careful to follow certain practices.; Following certain practices 4*makes damage to the environment* *avoidable.*

Concept | Word Family:✦ *concept* (noun); *conceive* (verb); *conceptual* (adjective); *conceptually* (adverb) | Examples:✦ Ecotourism is *a concept* that is growing in popularity.; It is not hard *to conceive of ways* to protect the environment.; Ecotourism 4*has gone beyond* *the conceptual stage* to become something that many people have put into practice.; Ecotourism *differs conceptually from* regular tourism.

Injury | Word Family:✦ *injury* (noun); *injure* (verb); *injurious* (adjective); | Examples:✦ Large cruise ships cause several types of *injury* to the environment.; Ecotourists *try not to injure* the environment.; Some practices, such as anchoring large cruise ships close to coral reefs, are *injurious* to the environment.

Publicity | Word Family:✦ *publicity* (noun); *publicize* (verb); *public* (adjective); *publicly* (adverb) | Examples:✦ The *more publicity* ecotourism gets, the 4*more people* will become interested in this type of travel.; Many companies *publicize themselves* as ecotourism companies, but not all of them follow ecotourism principles.; Tour companies *make their services public* through advertisements on the Internet and in magazines.; The need to protect the environment *is being discussed publicly*.

Wild | Word Family:✦ *wild* (noun); *wilderness* (noun); *wild* (adjective); *wildly* (adverb) | Examples:✦ Many tourists enjoy photographing animals *in the wild*.; Many people enjoy spending time *in the wilderness*.; Some tours are organized to destinations where *wild animals* can be observed.; Places such as Machu Picchu and the Galapagos Islands *have become wildly popular* ecotourism destinations.

16*Unit: 6 ➜ Tourism*<br>What Is Ecotourism? (109-114), {p} Ecotourism companies operate on the principle that 16*avoidance* of harm to the environment is not only possible but an important part of pleasure trips. The basic 16*concept* of ecotourism is to respect the places you visit, in terms of both the culture and the natural environment. Ecotourism companies offer a wide range of tours. Some include stays in luxury hotels, whereas others take travelers to remote destinations where only the simplest 16*accommodations* are available. On some trips, travelers learn about the 16*wild* plants and animals that live in the area. On others, they learn about the local traditions. On all trips, travelers are careful not to cause any type of 16*injury* to the environment. Where environmental harm is concerned, they don't want to be among the culprits. If you are interested in ecotourism, it's easy to find out about trips being offered. Ecotourism companies 16*publicize* their trips in travel magazines and on travel websites. 

Acquisition | Word Family:✦ *acquisition* (noun); *acquire* (verb); | Examples:✦ The *acquisition of* new skills is just one of the goals of learning vacations.; It is fun *to acquire new skills* while on vacation.

Cost | Word Family:✦ *cost* (noun); *cost* (verb); *costly* (adjective); | Examples:✦ The *cost* of 4*a learning vacation* can be lower than other types of vacations.; 4*A learning vacation* could *cost* less than another type of vacation.; Learning vacations can be *costly*, but usually they are not.

Economy | Word Family:✦ *economy* (noun); *economize* (verb); *economical* (adjective);  *economically* (adverb) | Examples:✦ A family that doesn't have a lot of money to spend must 4*pay attention to* *economy* when planning a vacation.; People can *economize* by avoiding resort vacations.; Taking 4*a learning vacation* can be *an economical way* to travel.; By *planning economically*, you can save money and still have a great vacation.

Enrollment | Word Family:✦ *enrollment* (noun); *enrollee* (noun); *enroll* (verb); | Examples:✦ If *enrollment* is low, they will cancel the class.; *Enrollees* had to pay a deposit for the class.; One way to take a learning vacation is to *enroll* in a class. 

Resident | Word Family:✦ *resident* (noun); *residence* (noun); *reside* (verb); *residential* (adjective); | Examples:✦ The *local residents* are always helpful to visitors.; The *student residence* is simple but comfortable.; This place is convenient for a learning vacation because you *can reside* right at the college.; *Residential colleges* are popular places for learning vacations.

Supervision | Word Family:✦ *supervision* (noun); *supervisor* (noun); *supervise* (verb); *supervisory* (adjective); | Examples:✦ You will always have the *supervision* of an experienced art teacher during the painting trip.; A professional artist will act as *supervisor* of the trip.; Experienced art teachers will *supervise* your work.; The professor will be in *a supervisory role* on the trip. 

16*Unit: 6 ➜ Tourism*<br>Learning Vacations (116-121), {p} Many people are interested in the concept of a learning vacation because it is a fun way to 3*acquire* skills while traveling. Learning vacations don't necessarily 3*cost* a great deal, so they are a good option for people on a budget. If you would like to travel to colorful parts of the world, taste exotic cuisine, and learn something new at the same time, then a learning vacation might be a good choice for you. If you want to 3*economize* , you can plan your vacation on your own. 3*Enrollment* in a short course on a topic of special interest is a common way to spend a learning vacation and an easy one to arrange. If the school that offers the course also has a 3*residence* for students, that will make your plans even easier. You don't need the 3*supervision* of a professional to organize your vacation. A little research online might provide you with all the information you need.❗2*Notes:*│ 8*A learning vacation,* often called 6*an "edu-vacation"* or study holiday, is *a trip that combines traditional leisure with structured skill development or educational exploration.* Unlike an intensive "boot camp," the primary goal is to maintain a holiday atmosphere while gaining hands-on experience in a unique location that directly informs the subject matter. 